[{"model": "admin.logentry", "pk": 1, "fields": {"action_time": "2023-06-25T23:16:17.218Z", "user": 1, "content_type": 7, "object_id": "Starter", "object_repr": "ProductCategory object (Starter)", "action_flag": 1, "change_message": "[{\"added\": {}}]"}}, {"model": "admin.logentry", "pk": 2, "fields": {"action_time": "2023-06-25T23:16:27.524Z", "user": 1, "content_type": 7, "object_id": "Breakfast", "object_repr": "ProductCategory object (Breakfast)", "action_flag": 1, "change_message": "[{\"added\": {}}]"}}, {"model": "admin.logentry", "pk": 3, "fields": {"action_time": "2023-06-25T23:16:36.133Z", "user": 1, "content_type": 7, "object_id": "Lunch", "object_repr": "ProductCategory object (Lunch)", "action_flag": 1, "change_message": "[{\"added\": {}}]"}}, {"model": "admin.logentry", "pk": 4, "fields": {"action_time": "2023-06-25T23:16:43.462Z", "user": 1, "content_type": 7, "object_id": "Dinner", "object_repr": "ProductCategory object (Dinner)", "action_flag": 1, "change_message": "[{\"added\": {}}]"}}, {"model": "admin.logentry", "pk": 5, "fields": {"action_time": "2023-06-25T23:17:08.948Z", "user": 1, "content_type": 6, "object_id": "2", "object_repr": "Product object (2)", "action_flag": 3, "change_message": ""}}, {"model": "admin.logentry", "pk": 6, "fields": {"action_time": "2023-06-25T23:17:13.952Z", "user": 1, "content_type": 6, "object_id": "1", "object_repr": "Product object (1)", "action_flag": 3, "change_message": ""}}, {"model": "admin.logentry", "pk": 7, "fields": {"action_time": "2023-06-25T23:18:23.913Z", "user": 1, "content_type": 6, "object_id": "3", "object_repr": "Product object (3)", "action_flag": 2, "change_message": "[{\"changed\": {\"fields\": [\"Image\"]}}]"}}, {"model": "admin.logentry", "pk": 8, "fields": {"action_time": "2023-06-25T23:37:49.973Z", "user": 1, "content_type": 6, "object_id": "5", "object_repr": "Product object (5)", "action_flag": 1, "change_message": "[{\"added\": {}}]"}}, {"model": "admin.logentry", "pk": 9, "fields": {"action_time": "2023-06-25T23:38:15.484Z", "user": 1, "content_type": 8, "object_id": "13", "object_repr": "ProductCharacteristic object (13)", "action_flag": 1, "change_message": "[{\"added\": {}}]"}}, {"model": "admin.logentry", "pk": 10, "fields": {"action_time": "2023-06-25T23:38:30.697Z", "user": 1, "content_type": 8, "object_id": "14", "object_repr": "ProductCharacteristic object (14)", "action_flag": 1, "change_message": "[{\"added\": {}}]"}}, {"model": "admin.logentry", "pk": 11, "fields": {"action_time": "2023-06-25T23:40:24.241Z", "user": 1, "content_type": 6, "object_id": "6", "object_repr": "Product object (6)", "action_flag": 1, "change_message": "[{\"added\": {}}]"}}, {"model": "admin.logentry", "pk": 12, "fields": {"action_time": "2023-06-25T23:40:46.550Z", "user": 1, "content_type": 6, "object_id": "7", "object_repr": "Product object (7)", "action_flag": 1, "change_message": "[{\"added\": {}}]"}}, {"model": "admin.logentry", "pk": 13, "fields": {"action_time": "2023-06-25T23:42:11.129Z", "user": 1, "content_type": 6, "object_id": "8", "object_repr": "Product object (8)", "action_flag": 1, "change_message": "[{\"added\": {}}]"}}, {"model": "admin.logentry", "pk": 14, "fields": {"action_time": "2023-06-25T23:43:26.589Z", "user": 1, "content_type": 6, "object_id": "9", "object_repr": "Product object (9)", "action_flag": 1, "change_message": "[{\"added\": {}}]"}}, {"model": "admin.logentry", "pk": 15, "fields": {"action_time": "2023-06-25T23:45:35.654Z", "user": 1, "content_type": 6, "object_id": "10", "object_repr": "Product object (10)", "action_flag": 1, "change_message": "[{\"added\": {}}]"}}, {"model": "admin.logentry", "pk": 16, "fields": {"action_time": "2023-06-25T23:54:17.598Z", "user": 1, "content_type": 6, "object_id": "3", "object_repr": "Product object (3)", "action_flag": 2, "change_message": "[{\"changed\": {\"fields\": [\"Name\"]}}]"}}, {"model": "admin.logentry", "pk": 17, "fields": {"action_time": "2023-08-05T17:20:16.339Z", "user": 1, "content_type": 12, "object_id": "Pending", "object_repr": "OrderStatus object (Pending)", "action_flag": 1, "change_message": "[{\"added\": {}}]"}}, {"model": "admin.logentry", "pk": 18, "fields": {"action_time": "2023-08-05T17:20:34.220Z", "user": 1, "content_type": 12, "object_id": "Pending", "object_repr": "OrderStatus object (Pending)", "action_flag": 3, "change_message": ""}}, {"model": "admin.logentry", "pk": 19, "fields": {"action_time": "2023-08-05T17:20:41.411Z", "user": 1, "content_type": 12, "object_id": "PENDING", "object_repr": "OrderStatus object (PENDING)", "action_flag": 1, "change_message": "[{\"added\": {}}]"}}, {"model": "admin.logentry", "pk": 20, "fields": {"action_time": "2023-08-05T17:20:48.881Z", "user": 1, "content_type": 12, "object_id": "DELIVERED", "object_repr": "OrderStatus object (DELIVERED)", "action_flag": 1, "change_message": "[{\"added\": {}}]"}}, {"model": "admin.logentry", "pk": 21, "fields": {"action_time": "2023-08-05T17:21:24.542Z", "user": 1, "content_type": 12, "object_id": "CANCELED", "object_repr": "OrderStatus object (CANCELED)", "action_flag": 1, "change_message": "[{\"added\": {}}]"}}, {"model": "admin.logentry", "pk": 22, "fields": {"action_time": "2023-08-05T17:27:37.153Z", "user": 1, "content_type": 11, "object_id": "1", "object_repr": "Order object (1)", "action_flag": 1, "change_message": "[{\"added\": {}}]"}}, {"model": "admin.logentry", "pk": 23, "fields": {"action_time": "2023-08-05T17:29:51.796Z", "user": 1, "content_type": 13, "object_id": "1", "object_repr": "OrderProduct object (1)", "action_flag": 1, "change_message": "[{\"added\": {}}]"}}, {"model": "auth.permission", "pk": 1, "fields": {"name": "Can add log entry", "content_type": 1, "codename": "add_logentry"}}, {"model": "auth.permission", "pk": 2, "fields": {"name": "Can change log entry", "content_type": 1, "codename": "change_logentry"}}, {"model": "auth.permission", "pk": 3, "fields": {"name": "Can delete log entry", "content_type": 1, "codename": "delete_logentry"}}, {"model": "auth.permission", "pk": 4, "fields": {"name": "Can view log entry", "content_type": 1, "codename": "view_logentry"}}, {"model": "auth.permission", "pk": 5, "fields": {"name": "Can add permission", "content_type": 2, "codename": "add_permission"}}, {"model": "auth.permission", "pk": 6, "fields": {"name": "Can change permission", "content_type": 2, "codename": "change_permission"}}, {"model": "auth.permission", "pk": 7, "fields": {"name": "Can delete permission", "content_type": 2, "codename": "delete_permission"}}, {"model": "auth.permission", "pk": 8, "fields": {"name": "Can view permission", "content_type": 2, "codename": "view_permission"}}, {"model": "auth.permission", "pk": 9, "fields": {"name": "Can add group", "content_type": 3, "codename": "add_group"}}, {"model": "auth.permission", "pk": 10, "fields": {"name": "Can change group", "content_type": 3, "codename": "change_group"}}, {"model": "auth.permission", "pk": 11, "fields": {"name": "Can delete group", "content_type": 3, "codename": "delete_group"}}, {"model": "auth.permission", "pk": 12, "fields": {"name": "Can view group", "content_type": 3, "codename": "view_group"}}, {"model": "auth.permission", "pk": 13, "fields": {"name": "Can add content type", "content_type": 4, "codename": "add_contenttype"}}, {"model": "auth.permission", "pk": 14, "fields": {"name": "Can change content type", "content_type": 4, "codename": "change_contenttype"}}, {"model": "auth.permission", "pk": 15, "fields": {"name": "Can delete content type", "content_type": 4, "codename": "delete_contenttype"}}, {"model": "auth.permission", "pk": 16, "fields": {"name": "Can view content type", "content_type": 4, "codename": "view_contenttype"}}, {"model": "auth.permission", "pk": 17, "fields": {"name": "Can add session", "content_type": 5, "codename": "add_session"}}, {"model": "auth.permission", "pk": 18, "fields": {"name": "Can change session", "content_type": 5, "codename": "change_session"}}, {"model": "auth.permission", "pk": 19, "fields": {"name": "Can delete session", "content_type": 5, "codename": "delete_session"}}, {"model": "auth.permission", "pk": 20, "fields": {"name": "Can view session", "content_type": 5, "codename": "view_session"}}, {"model": "auth.permission", "pk": 21, "fields": {"name": "Can add product", "content_type": 6, "codename": "add_product"}}, {"model": "auth.permission", "pk": 22, "fields": {"name": "Can change product", "content_type": 6, "codename": "change_product"}}, {"model": "auth.permission", "pk": 23, "fields": {"name": "Can delete product", "content_type": 6, "codename": "delete_product"}}, {"model": "auth.permission", "pk": 24, "fields": {"name": "Can view product", "content_type": 6, "codename": "view_product"}}, {"model": "auth.permission", "pk": 25, "fields": {"name": "Can add product category", "content_type": 7, "codename": "add_productcategory"}}, {"model": "auth.permission", "pk": 26, "fields": {"name": "Can change product category", "content_type": 7, "codename": "change_productcategory"}}, {"model": "auth.permission", "pk": 27, "fields": {"name": "Can delete product category", "content_type": 7, "codename": "delete_productcategory"}}, {"model": "auth.permission", "pk": 28, "fields": {"name": "Can view product category", "content_type": 7, "codename": "view_productcategory"}}, {"model": "auth.permission", "pk": 29, "fields": {"name": "Can add product characteristic", "content_type": 8, "codename": "add_productcharacteristic"}}, {"model": "auth.permission", "pk": 30, "fields": {"name": "Can change product characteristic", "content_type": 8, "codename": "change_productcharacteristic"}}, {"model": "auth.permission", "pk": 31, "fields": {"name": "Can delete product characteristic", "content_type": 8, "codename": "delete_productcharacteristic"}}, {"model": "auth.permission", "pk": 32, "fields": {"name": "Can view product characteristic", "content_type": 8, "codename": "view_productcharacteristic"}}, {"model": "auth.permission", "pk": 33, "fields": {"name": "Can add cart product", "content_type": 9, "codename": "add_cartproduct"}}, {"model": "auth.permission", "pk": 34, "fields": {"name": "Can change cart product", "content_type": 9, "codename": "change_cartproduct"}}, {"model": "auth.permission", "pk": 35, "fields": {"name": "Can delete cart product", "content_type": 9, "codename": "delete_cartproduct"}}, {"model": "auth.permission", "pk": 36, "fields": {"name": "Can view cart product", "content_type": 9, "codename": "view_cartproduct"}}, {"model": "auth.permission", "pk": 37, "fields": {"name": "Can add user", "content_type": 10, "codename": "add_paosuser"}}, {"model": "auth.permission", "pk": 38, "fields": {"name": "Can change user", "content_type": 10, "codename": "change_paosuser"}}, {"model": "auth.permission", "pk": 39, "fields": {"name": "Can delete user", "content_type": 10, "codename": "delete_paosuser"}}, {"model": "auth.permission", "pk": 40, "fields": {"name": "Can view user", "content_type": 10, "codename": "view_paosuser"}}, {"model": "auth.permission", "pk": 41, "fields": {"name": "Can add order", "content_type": 11, "codename": "add_order"}}, {"model": "auth.permission", "pk": 42, "fields": {"name": "Can change order", "content_type": 11, "codename": "change_order"}}, {"model": "auth.permission", "pk": 43, "fields": {"name": "Can delete order", "content_type": 11, "codename": "delete_order"}}, {"model": "auth.permission", "pk": 44, "fields": {"name": "Can view order", "content_type": 11, "codename": "view_order"}}, {"model": "auth.permission", "pk": 45, "fields": {"name": "Can add order status", "content_type": 12, "codename": "add_orderstatus"}}, {"model": "auth.permission", "pk": 46, "fields": {"name": "Can change order status", "content_type": 12, "codename": "change_orderstatus"}}, {"model": "auth.permission", "pk": 47, "fields": {"name": "Can delete order status", "content_type": 12, "codename": "delete_orderstatus"}}, {"model": "auth.permission", "pk": 48, "fields": {"name": "Can view order status", "content_type": 12, "codename": "view_orderstatus"}}, {"model": "auth.permission", "pk": 49, "fields": {"name": "Can add order product", "content_type": 13, "codename": "add_orderproduct"}}, {"model": "auth.permission", "pk": 50, "fields": {"name": "Can change order product", "content_type": 13, "codename": "change_orderproduct"}}, {"model": "auth.permission", "pk": 51, "fields": {"name": "Can delete order product", "content_type": 13, "codename": "delete_orderproduct"}}, {"model": "auth.permission", "pk": 52, "fields": {"name": "Can view order product", "content_type": 13, "codename": "view_orderproduct"}}, {"model": "contenttypes.contenttype", "pk": 1, "fields": {"app_label": "admin", "model": "logentry"}}, {"model": "contenttypes.contenttype", "pk": 2, "fields": {"app_label": "auth", "model": "permission"}}, {"model": "contenttypes.contenttype", "pk": 3, "fields": {"app_label": "auth", "model": "group"}}, {"model": "contenttypes.contenttype", "pk": 4, "fields": {"app_label": "contenttypes", "model": "contenttype"}}, {"model": "contenttypes.contenttype", "pk": 5, "fields": {"app_label": "sessions", "model": "session"}}, {"model": "contenttypes.contenttype", "pk": 6, "fields": {"app_label": "app", "model": "product"}}, {"model": "contenttypes.contenttype", "pk": 7, "fields": {"app_label": "app", "model": "productcategory"}}, {"model": "contenttypes.contenttype", "pk": 8, "fields": {"app_label": "app", "model": "productcharacteristic"}}, {"model": "contenttypes.contenttype", "pk": 9, "fields": {"app_label": "app", "model": "cartproduct"}}, {"model": "contenttypes.contenttype", "pk": 10, "fields": {"app_label": "accounts", "model": "paosuser"}}, {"model": "contenttypes.contenttype", "pk": 11, "fields": {"app_label": "app", "model": "order"}}, {"model": "contenttypes.contenttype", "pk": 12, "fields": {"app_label": "app", "model": "orderstatus"}}, {"model": "contenttypes.contenttype", "pk": 13, "fields": {"app_label": "app", "model": "orderproduct"}}, {"model": "sessions.session", "pk": "13iaiq7f3pdygqvxqag7qeb366ktmd70", "fields": {"session_data": ".eJxVjDkOwjAQAP_iGlk-wq5DSc8brPWxOIBsKU4qxN-RpRTQzozmLTztW_F7z6tfkrgILU6_LFB85jpEelC9Nxlb3dYlyJHIw3Z5aym_rkf7NyjUy9g6sMqeJ5cMGkDFBMgugGOrmBkh4qSIdUQMaJmDIUYFYTZxpkxafL7E2jfh:1qSKvW:v0UPRhmYVbyDRmwfz9nfat5bMvVH5AJIiigcseGXR4I", "expire_date": "2023-08-19T17:18:54.400Z"}}, {"model": "sessions.session", "pk": "1k2bea8xqp384o9yvcntetkddawps108", "fields": {"session_data": ".eJxVjDkOwjAQAP_iGlk-wq5DSc8brPWxOIBsKU4qxN-RpRTQzozmLTztW_F7z6tfkrgILU6_LFB85jpEelC9Nxlb3dYlyJHIw3Z5aym_rkf7NyjUy9g6sMqeJ5cMGkDFBMgugGOrmBkh4qSIdUQMaJmDIUYFYTZxpkxafL7E2jfh:1qDfBX:Bc5gz9ERolGheaR7cm9eWKHwCsba6VLEIRa6D1nCNGU", "expire_date": "2023-07-10T05:54:47.844Z"}}, {"model": "sessions.session", "pk": "1sghf60xvobipcca3qjqgdraxeibqp5d", "fields": {"session_data": ".eJxVjDkOwjAQAP_iGlk-wq5DSc8brPWxOIBsKU4qxN-RpRTQzozmLTztW_F7z6tfkrgILU6_LFB85jpEelC9Nxlb3dYlyJHIw3Z5aym_rkf7NyjUy9g6sMqeJ5cMGkDFBMgugGOrmBkh4qSIdUQMaJmDIUYFYTZxpkxafL7E2jfh:1qDd1M:euUbtJ0RgBtLDeCTTKJdK2gLpHye9rVVa3fl7-na2gc", "expire_date": "2023-07-10T03:36:08.532Z"}}, {"model": "sessions.session", "pk": "5a7ef7gvyqj3zz1kxo5puu14rlf0azar", "fields": {"session_data": ".eJxVjDkOwjAQAP_iGlk-wq5DSc8brPWxOIBsKU4qxN-RpRTQzozmLTztW_F7z6tfkrgILU6_LFB85jpEelC9Nxlb3dYlyJHIw3Z5aym_rkf7NyjUy9g6sMqeJ5cMGkDFBMgugGOrmBkh4qSIdUQMaJmDIUYFYTZxpkxafL7E2jfh:1qDd1U:-88CpWEVs5RskjP7xejjES0PcextikELXtGk2XZaXus", "expire_date": "2023-07-10T03:36:16.287Z"}}, {"model": "sessions.session", "pk": "5bmc6rukjvkusxc2jg7ybc724v38qf4n", "fields": {"session_data": ".eJxVjDkOwjAQAP_iGlk-wq5DSc8brPWxOIBsKU4qxN-RpRTQzozmLTztW_F7z6tfkrgILU6_LFB85jpEelC9Nxlb3dYlyJHIw3Z5aym_rkf7NyjUy9g6sMqeJ5cMGkDFBMgugGOrmBkh4qSIdUQMaJmDIUYFYTZxpkxafL7E2jfh:1qDfBY:yi3m5Q3Zu8EqvYVFg7zsTBU082xb5Ps4GLnREFT5cg8", "expire_date": "2023-07-10T05:54:48.398Z"}}, {"model": "sessions.session", "pk": "5hb4v4anuluammmcb8kxcoouqf5yyft6", "fields": {"session_data": ".eJxVjDkOwjAQAP_iGllZZ30sJX3eEG3WDg4gW8pRIf6OLKWAdmY0bzXysefx2NI6LlFdlVGXXzaxPFNpIj643KuWWvZ1mXRL9Gk3PdSYXrez_Rtk3nLb4gyIljAkgSCJO2tlNgQB2AERYggBAMF7H0mg94bFousJO3HE6vMFrj42OA:1qDd6O:csvzbwvkhQsTbDjbptVwHID5oQQpzJWGKk77wjfu7vA", "expire_date": "2023-07-10T03:41:20.631Z"}}, {"model": "sessions.session", "pk": "5vgvpfh9yathaezrhgo2vftyi26wcft0", "fields": {"session_data": ".eJxVjDkOwjAQAP_iGlk-wq5DSc8brPWxOIBsKU4qxN-RpRTQzozmLTztW_F7z6tfkrgILU6_LFB85jpEelC9Nxlb3dYlyJHIw3Z5aym_rkf7NyjUy9g6sMqeJ5cMGkDFBMgugGOrmBkh4qSIdUQMaJmDIUYFYTZxpkxafL7E2jfh:1qDd1U:-88CpWEVs5RskjP7xejjES0PcextikELXtGk2XZaXus", "expire_date": "2023-07-10T03:36:16.062Z"}}, {"model": "sessions.session", "pk": "62j057s1y0ham1op3uz3un6j542hh0sc", "fields": {"session_data": ".eJxVjDkOwjAQAP_iGlk-wq5DSc8brPWxOIBsKU4qxN-RpRTQzozmLTztW_F7z6tfkrgILU6_LFB85jpEelC9Nxlb3dYlyJHIw3Z5aym_rkf7NyjUy9g6sMqeJ5cMGkDFBMgugGOrmBkh4qSIdUQMaJmDIUYFYTZxpkxafL7E2jfh:1qDd1V:6uMEdy1_1sD1rK91PxYCYKIp_zA47QtE4SzdWFf9LiA", "expire_date": "2023-07-10T03:36:17.590Z"}}, {"model": "sessions.session", "pk": "877enaw8i4dbx12wo2pvudxa7tniy8eq", "fields": {"session_data": ".eJxVjDkOwjAQAP_iGlk-wq5DSc8brPWxOIBsKU4qxN-RpRTQzozmLTztW_F7z6tfkrgILU6_LFB85jpEelC9Nxlb3dYlyJHIw3Z5aym_rkf7NyjUy9g6sMqeJ5cMGkDFBMgugGOrmBkh4qSIdUQMaJmDIUYFYTZxpkxafL7E2jfh:1qDd28:DZ6HxzDokvda9giDW2vVZYJurBe2-2xwzAAnSkXl9LY", "expire_date": "2023-07-10T03:36:56.930Z"}}, {"model": "sessions.session", "pk": "8j77qsan88hc4d4kq1ev05pzmlykf2gr", "fields": {"session_data": ".eJxVjDkOwjAQAP_iGlk-wq5DSc8brPWxOIBsKU4qxN-RpRTQzozmLTztW_F7z6tfkrgILU6_LFB85jpEelC9Nxlb3dYlyJHIw3Z5aym_rkf7NyjUy9g6sMqeJ5cMGkDFBMgugGOrmBkh4qSIdUQMaJmDIUYFYTZxpkxafL7E2jfh:1qDyKT:yNNUSU0nNWyJ107J2AcdDtZ2eBFOn3TLIkjtqSCPhM4", "expire_date": "2023-07-11T02:21:17.904Z"}}, {"model": "sessions.session", "pk": "9pi4et0jx0o6z1cc812gclt80jszwoby", "fields": {"session_data": ".eJxVjDkOwjAQAP_iGlk-wq5DSc8brPWxOIBsKU4qxN-RpRTQzozmLTztW_F7z6tfkrgILU6_LFB85jpEelC9Nxlb3dYlyJHIw3Z5aym_rkf7NyjUy9g6sMqeJ5cMGkDFBMgugGOrmBkh4qSIdUQMaJmDIUYFYTZxpkxafL7E2jfh:1qDd1M:euUbtJ0RgBtLDeCTTKJdK2gLpHye9rVVa3fl7-na2gc", "expire_date": "2023-07-10T03:36:08.066Z"}}, {"model": "sessions.session", "pk": "9uplzlpmy94ni1nra2pf80n2q2f2ohr9", "fields": {"session_data": ".eJxVjDkOwjAQAP_iGlk-wq5DSc8brPWxOIBsKU4qxN-RpRTQzozmLTztW_F7z6tfkrgILU6_LFB85jpEelC9Nxlb3dYlyJHIw3Z5aym_rkf7NyjUy9g6sMqeJ5cMGkDFBMgugGOrmBkh4qSIdUQMaJmDIUYFYTZxpkxafL7E2jfh:1qDd29:m2RYFWWuBGAZPJ2mXQkhv5sNnGL05bOKxR7jSh6uXF8", "expire_date": "2023-07-10T03:36:57.374Z"}}, {"model": "sessions.session", "pk": "a643ci69a5v7ktocc23q3ua284bn5lng", "fields": {"session_data": ".eJxVjDkOwjAQAP_iGlk-wq5DSc8brPWxOIBsKU4qxN-RpRTQzozmLTztW_F7z6tfkrgILU6_LFB85jpEelC9Nxlb3dYlyJHIw3Z5aym_rkf7NyjUy9g6sMqeJ5cMGkDFBMgugGOrmBkh4qSIdUQMaJmDIUYFYTZxpkxafL7E2jfh:1qDd1M:euUbtJ0RgBtLDeCTTKJdK2gLpHye9rVVa3fl7-na2gc", "expire_date": "2023-07-10T03:36:08.823Z"}}, {"model": "sessions.session", "pk": "ai4b2v6b0qv8olft7jclxtmgbzi5gnh7", "fields": {"session_data": ".eJxVjDkOwjAQAP_iGlk-wq5DSc8brPWxOIBsKU4qxN-RpRTQzozmLTztW_F7z6tfkrgILU6_LFB85jpEelC9Nxlb3dYlyJHIw3Z5aym_rkf7NyjUy9g6sMqeJ5cMGkDFBMgugGOrmBkh4qSIdUQMaJmDIUYFYTZxpkxafL7E2jfh:1qDd28:DZ6HxzDokvda9giDW2vVZYJurBe2-2xwzAAnSkXl9LY", "expire_date": "2023-07-10T03:36:56.093Z"}}, {"model": "sessions.session", "pk": "bnh72tdjao0fh3k6qzbox96zu85iah17", "fields": {"session_data": ".eJxVjDkOwjAQAP_iGlk-wq5DSc8brPWxOIBsKU4qxN-RpRTQzozmLTztW_F7z6tfkrgILU6_LFB85jpEelC9Nxlb3dYlyJHIw3Z5aym_rkf7NyjUy9g6sMqeJ5cMGkDFBMgugGOrmBkh4qSIdUQMaJmDIUYFYTZxpkxafL7E2jfh:1qDd1K:NaWFXbCu2azNrHIbcD3dBpwZfaQZCqLVfg7RTfD2k6A", "expire_date": "2023-07-10T03:36:06.241Z"}}, {"model": "sessions.session", "pk": "dlhw84qolbfi5tz9vvzk932goj4hiax2", "fields": {"session_data": ".eJxVjDkOwjAQAP_iGlk-wq5DSc8brPWxOIBsKU4qxN-RpRTQzozmLTztW_F7z6tfkrgILU6_LFB85jpEelC9Nxlb3dYlyJHIw3Z5aym_rkf7NyjUy9g6sMqeJ5cMGkDFBMgugGOrmBkh4qSIdUQMaJmDIUYFYTZxpkxafL7E2jfh:1qDbVB:4xRkzbiWa7egHz2KrPN9CHujWh9q6bHDVt4E45Fb40s", "expire_date": "2023-07-10T01:58:49.139Z"}}, {"model": "sessions.session", "pk": "dt29smvklq35q47qw4dfddys3q4cpwaq", "fields": {"session_data": ".eJxVjDkOwjAQAP_iGlk-wq5DSc8brPWxOIBsKU4qxN-RpRTQzozmLTztW_F7z6tfkrgILU6_LFB85jpEelC9Nxlb3dYlyJHIw3Z5aym_rkf7NyjUy9g6sMqeJ5cMGkDFBMgugGOrmBkh4qSIdUQMaJmDIUYFYTZxpkxafL7E2jfh:1qDd1K:NaWFXbCu2azNrHIbcD3dBpwZfaQZCqLVfg7RTfD2k6A", "expire_date": "2023-07-10T03:36:06.913Z"}}, {"model": "sessions.session", "pk": "fefmjghvjqiexij60g50dt8o7gpgyks8", "fields": {"session_data": ".eJxVjDkOwjAQAP_iGlk-wq5DSc8brPWxOIBsKU4qxN-RpRTQzozmLTztW_F7z6tfkrgILU6_LFB85jpEelC9Nxlb3dYlyJHIw3Z5aym_rkf7NyjUy9g6sMqeJ5cMGkDFBMgugGOrmBkh4qSIdUQMaJmDIUYFYTZxpkxafL7E2jfh:1qDbp7:K_n3o5RDlW2hlTywuHZRYBKklG1SJT0e_Zy3UI2wWVg", "expire_date": "2023-07-10T02:19:25.852Z"}}, {"model": "sessions.session", "pk": "feqnxiz4f2iaw0dcfmc9n5c52yxqz90u", "fields": {"session_data": ".eJxVjDkOwjAQAP_iGlk-wq5DSc8brPWxOIBsKU4qxN-RpRTQzozmLTztW_F7z6tfkrgILU6_LFB85jpEelC9Nxlb3dYlyJHIw3Z5aym_rkf7NyjUy9g6sMqeJ5cMGkDFBMgugGOrmBkh4qSIdUQMaJmDIUYFYTZxpkxafL7E2jfh:1qDd1M:euUbtJ0RgBtLDeCTTKJdK2gLpHye9rVVa3fl7-na2gc", "expire_date": "2023-07-10T03:36:08.307Z"}}, {"model": "sessions.session", "pk": "fnehttfots2fkvka6wmks5buo1uirwoz", "fields": {"session_data": ".eJxVjDkOwjAQAP_iGlk-wq5DSc8brPWxOIBsKU4qxN-RpRTQzozmLTztW_F7z6tfkrgILU6_LFB85jpEelC9Nxlb3dYlyJHIw3Z5aym_rkf7NyjUy9g6sMqeJ5cMGkDFBMgugGOrmBkh4qSIdUQMaJmDIUYFYTZxpkxafL7E2jfh:1qDd27:wqnHmusaS5FeKnHSDuKXv6CTio6STgV6aD6Xlppa4MQ", "expire_date": "2023-07-10T03:36:55.855Z"}}, {"model": "sessions.session", "pk": "fy3s0livwuw9l8ckbity49zq17i7li2t", "fields": {"session_data": ".eJxVjDkOwjAQAP_iGlk-wq5DSc8brPWxOIBsKU4qxN-RpRTQzozmLTztW_F7z6tfkrgILU6_LFB85jpEelC9Nxlb3dYlyJHIw3Z5aym_rkf7NyjUy9g6sMqeJ5cMGkDFBMgugGOrmBkh4qSIdUQMaJmDIUYFYTZxpkxafL7E2jfh:1qDfBV:eL5K2GrIvrwvs0jg9jHz9gnsko3YsAt4iy6s1srSgG8", "expire_date": "2023-07-10T05:54:45.148Z"}}, {"model": "sessions.session", "pk": "hk0eejygypxq75dfaqp84goj75q2puu1", "fields": {"session_data": ".eJxVjDkOwjAQAP_iGlk-wq5DSc8brPWxOIBsKU4qxN-RpRTQzozmLTztW_F7z6tfkrgILU6_LFB85jpEelC9Nxlb3dYlyJHIw3Z5aym_rkf7NyjUy9g6sMqeJ5cMGkDFBMgugGOrmBkh4qSIdUQMaJmDIUYFYTZxpkxafL7E2jfh:1qDd1L:WlKL6bJV5Pxdyr196QrJxHVttWmXXyMbCFUBYDxkx5k", "expire_date": "2023-07-10T03:36:07.374Z"}}, {"model": "sessions.session", "pk": "hvgr13626x74bc2jjfuyrqtpotu0y5az", "fields": {"session_data": ".eJxVjDkOwjAQAP_iGlk-wq5DSc8brPWxOIBsKU4qxN-RpRTQzozmLTztW_F7z6tfkrgILU6_LFB85jpEelC9Nxlb3dYlyJHIw3Z5aym_rkf7NyjUy9g6sMqeJ5cMGkDFBMgugGOrmBkh4qSIdUQMaJmDIUYFYTZxpkxafL7E2jfh:1qDfBX:Bc5gz9ERolGheaR7cm9eWKHwCsba6VLEIRa6D1nCNGU", "expire_date": "2023-07-10T05:54:47.311Z"}}, {"model": "sessions.session", "pk": "i1nihiac5n871qugdjbz9lj2ur9drw86", "fields": {"session_data": ".eJxVjDkOwjAQAP_iGlk-wq5DSc8brPWxOIBsKU4qxN-RpRTQzozmLTztW_F7z6tfkrgILU6_LFB85jpEelC9Nxlb3dYlyJHIw3Z5aym_rkf7NyjUy9g6sMqeJ5cMGkDFBMgugGOrmBkh4qSIdUQMaJmDIUYFYTZxpkxafL7E2jfh:1qDd1V:6uMEdy1_1sD1rK91PxYCYKIp_zA47QtE4SzdWFf9LiA", "expire_date": "2023-07-10T03:36:17.207Z"}}, {"model": "sessions.session", "pk": "klh2ys000w88qi3b01jcfwkj1ts1w6pm", "fields": {"session_data": ".eJxVjDkOwjAQAP_iGlk-wq5DSc8brPWxOIBsKU4qxN-RpRTQzozmLTztW_F7z6tfkrgILU6_LFB85jpEelC9Nxlb3dYlyJHIw3Z5aym_rkf7NyjUy9g6sMqeJ5cMGkDFBMgugGOrmBkh4qSIdUQMaJmDIUYFYTZxpkxafL7E2jfh:1qDd1E:3pOTndWJFkYhhXMsQbJL9JslhjuGHMQU9_oKM6htR5c", "expire_date": "2023-07-10T03:36:00.408Z"}}, {"model": "sessions.session", "pk": "kqyz7z2u6a7u1bv5pxcop54mwn25z91o", "fields": {"session_data": ".eJxVjDkOwjAQAP_iGlk-wq5DSc8brPWxOIBsKU4qxN-RpRTQzozmLTztW_F7z6tfkrgILU6_LFB85jpEelC9Nxlb3dYlyJHIw3Z5aym_rkf7NyjUy9g6sMqeJ5cMGkDFBMgugGOrmBkh4qSIdUQMaJmDIUYFYTZxpkxafL7E2jfh:1qDd4P:CP4UdxwEwjtYHMeW0_Lo75L0rIS1GdwuQLzRBkT6GZ4", "expire_date": "2023-07-10T03:39:17.963Z"}}, {"model": "sessions.session", "pk": "kuwzlqhv99uuv2anmtd9rjneqibzj9gv", "fields": {"session_data": ".eJxVjDkOwjAQAP_iGlk-wq5DSc8brPWxOIBsKU4qxN-RpRTQzozmLTztW_F7z6tfkrgILU6_LFB85jpEelC9Nxlb3dYlyJHIw3Z5aym_rkf7NyjUy9g6sMqeJ5cMGkDFBMgugGOrmBkh4qSIdUQMaJmDIUYFYTZxpkxafL7E2jfh:1qDd1T:lU2foIjGqbac4nMex5CK5qfW0kiaR416W2s7Ws0CE4w", "expire_date": "2023-07-10T03:36:15.279Z"}}, {"model": "sessions.session", "pk": "lbfxzd364tm2oxstuq4689wh84wd84ql", "fields": {"session_data": ".eJxVjDkOwjAQAP_iGlk-wq5DSc8brPWxOIBsKU4qxN-RpRTQzozmLTztW_F7z6tfkrgILU6_LFB85jpEelC9Nxlb3dYlyJHIw3Z5aym_rkf7NyjUy9g6sMqeJ5cMGkDFBMgugGOrmBkh4qSIdUQMaJmDIUYFYTZxpkxafL7E2jfh:1qDd2o:z_ZRa_ZJ5cjWiIHhNFF7ioW0yw6X-lYICQa1GBNxVM8", "expire_date": "2023-07-10T03:37:38.644Z"}}, {"model": "sessions.session", "pk": "lj08gxvch59ncz5c7qry58yn8fb5yqmc", "fields": {"session_data": ".eJxVjDkOwjAQAP_iGlk-wq5DSc8brPWxOIBsKU4qxN-RpRTQzozmLTztW_F7z6tfkrgILU6_LFB85jpEelC9Nxlb3dYlyJHIw3Z5aym_rkf7NyjUy9g6sMqeJ5cMGkDFBMgugGOrmBkh4qSIdUQMaJmDIUYFYTZxpkxafL7E2jfh:1qDyI7:7u97dxsfblg33aSorvXzaHCPj65Iw1ooNOPnnybiX9U", "expire_date": "2023-07-11T02:18:51.071Z"}}, {"model": "sessions.session", "pk": "m3hn4hmxg4496o1yunjv8fd3s2q295y8", "fields": {"session_data": ".eJxVjDkOwjAQAP_iGlk-wq5DSc8brPWxOIBsKU4qxN-RpRTQzozmLTztW_F7z6tfkrgILU6_LFB85jpEelC9Nxlb3dYlyJHIw3Z5aym_rkf7NyjUy9g6sMqeJ5cMGkDFBMgugGOrmBkh4qSIdUQMaJmDIUYFYTZxpkxafL7E2jfh:1qDd1U:-88CpWEVs5RskjP7xejjES0PcextikELXtGk2XZaXus", "expire_date": "2023-07-10T03:36:16.754Z"}}, {"model": "sessions.session", "pk": "m6f3t0o2vh440tqs0gvf2cpd1id971jl", "fields": {"session_data": ".eJxVjDkOwjAQAP_iGlk-wq5DSc8brPWxOIBsKU4qxN-RpRTQzozmLTztW_F7z6tfkrgILU6_LFB85jpEelC9Nxlb3dYlyJHIw3Z5aym_rkf7NyjUy9g6sMqeJ5cMGkDFBMgugGOrmBkh4qSIdUQMaJmDIUYFYTZxpkxafL7E2jfh:1qDd1L:WlKL6bJV5Pxdyr196QrJxHVttWmXXyMbCFUBYDxkx5k", "expire_date": "2023-07-10T03:36:07.604Z"}}, {"model": "sessions.session", "pk": "mg9s1ifcgobvcn8cyd7hbtip0oyfzj48", "fields": {"session_data": ".eJxVjDkOwjAQAP_iGlk-wq5DSc8brPWxOIBsKU4qxN-RpRTQzozmLTztW_F7z6tfkrgILU6_LFB85jpEelC9Nxlb3dYlyJHIw3Z5aym_rkf7NyjUy9g6sMqeJ5cMGkDFBMgugGOrmBkh4qSIdUQMaJmDIUYFYTZxpkxafL7E2jfh:1qDd1L:WlKL6bJV5Pxdyr196QrJxHVttWmXXyMbCFUBYDxkx5k", "expire_date": "2023-07-10T03:36:07.829Z"}}, {"model": "sessions.session", "pk": "ngg0u04ixxix77czz2yx1fkods6ix10u", "fields": {"session_data": ".eJxVjDkOwjAQAP_iGlk-wq5DSc8brPWxOIBsKU4qxN-RpRTQzozmLTztW_F7z6tfkrgILU6_LFB85jpEelC9Nxlb3dYlyJHIw3Z5aym_rkf7NyjUy9g6sMqeJ5cMGkDFBMgugGOrmBkh4qSIdUQMaJmDIUYFYTZxpkxafL7E2jfh:1qDfBX:Bc5gz9ERolGheaR7cm9eWKHwCsba6VLEIRa6D1nCNGU", "expire_date": "2023-07-10T05:54:47.044Z"}}, {"model": "sessions.session", "pk": "o0ptgch7erdyoa4prsf80hv0i19tpox9", "fields": {"session_data": ".eJxVjDkOwjAQAP_iGlk-wq5DSc8brPWxOIBsKU4qxN-RpRTQzozmLTztW_F7z6tfkrgILU6_LFB85jpEelC9Nxlb3dYlyJHIw3Z5aym_rkf7NyjUy9g6sMqeJ5cMGkDFBMgugGOrmBkh4qSIdUQMaJmDIUYFYTZxpkxafL7E2jfh:1qDd1U:-88CpWEVs5RskjP7xejjES0PcextikELXtGk2XZaXus", "expire_date": "2023-07-10T03:36:16.515Z"}}, {"model": "sessions.session", "pk": "q6ifg3m8pnzyll0w0m0mea0poz246a4m", "fields": {"session_data": ".eJxVjDkOwjAQAP_iGlk-wq5DSc8brPWxOIBsKU4qxN-RpRTQzozmLTztW_F7z6tfkrgILU6_LFB85jpEelC9Nxlb3dYlyJHIw3Z5aym_rkf7NyjUy9g6sMqeJ5cMGkDFBMgugGOrmBkh4qSIdUQMaJmDIUYFYTZxpkxafL7E2jfh:1qDd1L:WlKL6bJV5Pxdyr196QrJxHVttWmXXyMbCFUBYDxkx5k", "expire_date": "2023-07-10T03:36:07.130Z"}}, {"model": "sessions.session", "pk": "q96gce9038bgg7kqdt5n19fp318pcyvs", "fields": {"session_data": ".eJxVjDkOwjAQAP_iGlk-wq5DSc8brPWxOIBsKU4qxN-RpRTQzozmLTztW_F7z6tfkrgILU6_LFB85jpEelC9Nxlb3dYlyJHIw3Z5aym_rkf7NyjUy9g6sMqeJ5cMGkDFBMgugGOrmBkh4qSIdUQMaJmDIUYFYTZxpkxafL7E2jfh:1qDd1U:-88CpWEVs5RskjP7xejjES0PcextikELXtGk2XZaXus", "expire_date": "2023-07-10T03:36:16.971Z"}}, {"model": "sessions.session", "pk": "t3n9801m22mqhw58jdsrm6j7zvez4kvu", "fields": {"session_data": ".eJxVjDkOwjAQAP_iGlk-wq5DSc8brPWxOIBsKU4qxN-RpRTQzozmLTztW_F7z6tfkrgILU6_LFB85jpEelC9Nxlb3dYlyJHIw3Z5aym_rkf7NyjUy9g6sMqeJ5cMGkDFBMgugGOrmBkh4qSIdUQMaJmDIUYFYTZxpkxafL7E2jfh:1qDd1T:lU2foIjGqbac4nMex5CK5qfW0kiaR416W2s7Ws0CE4w", "expire_date": "2023-07-10T03:36:15.532Z"}}, {"model": "sessions.session", "pk": "ujuoiw6oe00jxgeffb2sj9qc9n0mqov5", "fields": {"session_data": ".eJxVjDkOwjAQAP_iGlk-wq5DSc8brPWxOIBsKU4qxN-RpRTQzozmLTztW_F7z6tfkrgILU6_LFB85jpEelC9Nxlb3dYlyJHIw3Z5aym_rkf7NyjUy9g6sMqeJ5cMGkDFBMgugGOrmBkh4qSIdUQMaJmDIUYFYTZxpkxafL7E2jfh:1qDfBU:JnWjGXkaB33oKUXFQRImixQIwYp5bhGoj6oDX-b63YY", "expire_date": "2023-07-10T05:54:44.840Z"}}, {"model": "sessions.session", "pk": "wj16bspm74vddvit93xp18cdvr64m3c2", "fields": {"session_data": ".eJxVjDkOwjAQAP_iGlk-wq5DSc8brPWxOIBsKU4qxN-RpRTQzozmLTztW_F7z6tfkrgILU6_LFB85jpEelC9Nxlb3dYlyJHIw3Z5aym_rkf7NyjUy9g6sMqeJ5cMGkDFBMgugGOrmBkh4qSIdUQMaJmDIUYFYTZxpkxafL7E2jfh:1qDYuw:Y-5JED9V-4B4arf-5ipONIQlw7AtMyPqHU0DuXhmsC0", "expire_date": "2023-07-09T23:13:14.529Z"}}, {"model": "sessions.session", "pk": "y2k0wyzy5zzjjrnfkqkhv415gzuhwtsv", "fields": {"session_data": ".eJxVjDkOwjAQAP_iGlk-wq5DSc8brPWxOIBsKU4qxN-RpRTQzozmLTztW_F7z6tfkrgILU6_LFB85jpEelC9Nxlb3dYlyJHIw3Z5aym_rkf7NyjUy9g6sMqeJ5cMGkDFBMgugGOrmBkh4qSIdUQMaJmDIUYFYTZxpkxafL7E2jfh:1qDfBX:Bc5gz9ERolGheaR7cm9eWKHwCsba6VLEIRa6D1nCNGU", "expire_date": "2023-07-10T05:54:47.577Z"}}, {"model": "sessions.session", "pk": "zilc4oicoo19y24o297allllkiyvyo7l", "fields": {"session_data": ".eJxVjDkOwjAQAP_iGlk-wq5DSc8brPWxOIBsKU4qxN-RpRTQzozmLTztW_F7z6tfkrgILU6_LFB85jpEelC9Nxlb3dYlyJHIw3Z5aym_rkf7NyjUy9g6sMqeJ5cMGkDFBMgugGOrmBkh4qSIdUQMaJmDIUYFYTZxpkxafL7E2jfh:1qDd2o:z_ZRa_ZJ5cjWiIHhNFF7ioW0yw6X-lYICQa1GBNxVM8", "expire_date": "2023-07-10T03:37:38.976Z"}}, {"model": "app.productcategory", "pk": "Breakfast", "fields": {}}, {"model": "app.productcategory", "pk": "Dinner", "fields": {}}, {"model": "app.productcategory", "pk": "Lunch", "fields": {}}, {"model": "app.productcategory", "pk": "Starter", "fields": {}}, {"model": "app.product", "pk": 3, "fields": {"name": "Papi pollo", "category": "Starter", "price": 3.0, "deleted": false, "available": true, "image": "product_images/PAPIPLLO2-4053298874.jpg"}}, {"model": "app.product", "pk": 4, "fields": {"name": "Hamburguesa", "category": "Starter", "price": 3.5, "deleted": false, "available": true, "image": "product_images/28945762-3f21-404b-8212-9fd2e1fd043e.jpg"}}, {"model": "app.product", "pk": 5, "fields": {"name": "Bol贸n de queso", "category": "Breakfast", "price": 2.0, "deleted": false, "available": true, "image": "product_images/bolon_queso.jpg"}}, {"model": "app.product", "pk": 6, "fields": {"name": "Bol贸n de chicharr贸n", "category": "Breakfast", "price": 2.5, "deleted": false, "available": true, "image": "product_images/bolon_chicharron.jpg"}}, {"model": "app.product", "pk": 7, "fields": {"name": "Bol贸n mixto", "category": "Breakfast", "price": 3.0, "deleted": false, "available": true, "image": "product_images/bolon_mixto.jpg"}}, {"model": "app.product", "pk": 8, "fields": {"name": "Bollo de pescado", "category": "Lunch", "price": 3.5, "deleted": false, "available": true, "image": "product_images/bollo_.jpg"}}, {"model": "app.product", "pk": 9, "fields": {"name": "Cazuela de pescado", "category": "Lunch", "price": 3.0, "deleted": false, "available": true, "image": "product_images/Cazuela-de-pescado.jpg"}}, {"model": "app.product", "pk": 10, "fields": {"name": "Parrillada doble", "category": "Dinner", "price": 10.0, "deleted": false, "available": true, "image": "product_images/e91d94d8f88913ed_domicilio_34723_744x744_1626836890.webp"}}, {"model": "app.productcharacteristic", "pk": 7, "fields": {"value": "Con huevo", "product": 3}}, {"model": "app.productcharacteristic", "pk": 8, "fields": {"value": "Mayonesa", "product": 3}}, {"model": "app.productcharacteristic", "pk": 9, "fields": {"value": "Salsa de tomate", "product": 3}}, {"model": "app.productcharacteristic", "pk": 10, "fields": {"value": "Con huevo", "product": 4}}, {"model": "app.productcharacteristic", "pk": 11, "fields": {"value": "Mayonesa", "product": 4}}, {"model": "app.productcharacteristic", "pk": 12, "fields": {"value": "Salsa de tomate", "product": 4}}, {"model": "app.productcharacteristic", "pk": 13, "fields": {"value": "queso mozorella", "product": 5}}, {"model": "app.productcharacteristic", "pk": 14, "fields": {"value": "verde fresco", "product": 5}}, {"model": "app.orderstatus", "pk": "CANCELED", "fields": {}}, {"model": "app.orderstatus", "pk": "DELIVERED", "fields": {}}, {"model": "app.orderstatus", "pk": "PENDING", "fields": {}}, {"model": "app.order", "pk": 1, "fields": {"client": 1, "time": "2023-08-05T17:27:20Z", "state": "PENDING", "delivery_address": "36 y portete"}}, {"model": "app.order", "pk": 2, "fields": {"client": 1, "time": "2023-08-05T18:12:39.342Z", "state": "PENDING", "delivery_address": "(None,)"}}, {"model": "app.order", "pk": 3, "fields": {"client": 1, "time": "2023-08-05T18:13:11.024Z", "state": "PENDING", "delivery_address": "(None,)"}}, {"model": "app.order", "pk": 4, "fields": {"client": 1, "time": "2023-08-05T18:17:16.310Z", "state": "PENDING", "delivery_address": "('36 y  portete',)"}}, {"model": "app.order", "pk": 5, "fields": {"client": 1, "time": "2023-08-05T18:27:34.565Z", "state": "PENDING", "delivery_address": "('36 y  portete',)"}}, {"model": "app.orderproduct", "pk": 1, "fields": {"product": 3, "order": 1}}, {"model": "app.orderproduct", "pk": 2, "fields": {"product": 3, "order": 3}}, {"model": "app.orderproduct", "pk": 3, "fields": {"product": 4, "order": 3}}, {"model": "app.orderproduct", "pk": 4, "fields": {"product": 4, "order": 3}}, {"model": "app.orderproduct", "pk": 5, "fields": {"product": 6, "order": 3}}, {"model": "app.orderproduct", "pk": 6, "fields": {"product": 3, "order": 4}}, {"model": "app.orderproduct", "pk": 7, "fields": {"product": 4, "order": 4}}, {"model": "app.orderproduct", "pk": 8, "fields": {"product": 4, "order": 4}}, {"model": "app.orderproduct", "pk": 9, "fields": {"product": 6, "order": 4}}, {"model": "app.orderproduct", "pk": 10, "fields": {"product": 3, "order": 5}}, {"model": "accounts.paosuser", "pk": 1, "fields": {"password": "pbkdf2_sha256$600000$cAsnPrcxTkPmXusZYYgJkk$bsvNYdD4CyAXLKCH4SP7rT9gvsWXM3Ph31E9FSdB80A=", "last_login": "2023-08-05T17:18:54.188Z", "is_superuser": true, "username": "jvulgari", "first_name": "", "last_name": "", "email": "jvulgari@espol.edu.ec", "is_staff": true, "is_active": true, "date_joined": "2023-06-25T23:12:52.572Z", "groups": [], "user_permissions": []}}, {"model": "accounts.paosuser", "pk": 2, "fields": {"password": "pbkdf2_sha256$600000$Z9tY04vbBoOb8zEffh7OfJ$PFVsdClDGwrkdAAFA4Z37x4HQgSlbIsAZ0veW1BFXHY=", "last_login": "2023-06-26T03:41:20.564Z", "is_superuser": false, "username": "ycedenog", "first_name": "yonkani", "last_name": "cedeno", "email": "yonmaced@espol.edu.ec", "is_staff": false, "is_active": true, "date_joined": "2023-06-26T03:40:11.261Z", "groups": [], "user_permissions": []}}]